Count,City,Country,Date,latitude,longitude
1,Abu Dhabi,United Arab Emirates,1977-10-26,24.299174,54.697277
18,Adana,Turkey,2006-08-25,36.991419,35.330829
16,Addis Ababa,Ethiopia,2008-09-03,8.980603,38.757761
13,Afula,Israel,2003-05-19,32.610493,35.287922
15,Ahvaz,Iran,2006-03-02,31.318327,48.670619
1,Al-Alamein,Egypt,1977-03-09,30.82247,28.954309
1,Alayh,Lebanon,1982-10-04,33.589722,35.978889
1,Albany,United States,1981-09-22,42.652579,-73.756232
1,Aleppo,Cyprus,1977-11-03,,
4,Alexandria,Egypt,1988-01-10,31.200092,29.918739
70,Algiers,Algeria,2008-08-20,36.75377,3.058793
1,Alhambra,United States,1980-07-30,34.095287,-118.127015
1,Ammam,Jordan,1977-11-06,31.945367,35.928372
65,Amman,Jordan,2008-07-16,31.945367,35.928372
23,Amsterdam,Netherlands,2004-11-02,52.370216,4.895168
2,Anaheim,United States,1983-01-21,33.835293,-117.914504
8,Anglet,France,2009-02-25,43.481402,-1.514699
99,Ankara,Turkey,2005-11-20,39.933364,32.859742
4,Antalya,Turkey,2006-08-28,36.896891,30.713323
2,Antofagasta,Chile,1985-07-07,-23.650928,-70.397502
9,Antwerp,Belgium,2003-06-04,51.219448,4.402464
3,Arequipa,Peru,1989-12-23,-16.409047,-71.537451
1,Arhus,Denmark,1980-11-19,56.162939,10.203921
1,Arica,Chile,1977-07-05,-18.478253,-70.312599
1,Ash Shariqah,United Arab Emirates,1977-12-14,25.075397,55.75784
12,Asmara,Ethiopia,1988-02-17,11.245278,41.543889
1,Assen,Netherlands,1978-03-12,52.992753,6.564228
6,Asuncion,Paraguay,2004-12-03,-25.26374,-57.575926
434,Athens,Greece,2009-12-27,37.98381,23.727539
1,Avrainville,France,1973-08-02,48.56214,2.246488
1,Axum,Ethiopia,1976-06-01,14.134032,38.74729
1,Bad Hersfeld,Federal Republic of Germany,1976-12-19,50.870135,9.701968
4102,Baghdad,Iraq,2008-12-25,33.312806,44.361488
1,Baku,USSR,1980-07-05,40.409262,49.867092
1,Balabakk,Lebanon,1983-01-02,,
1,Baltimore,United States,1979-11-16,39.290385,-76.612189
1,Bamberg,Federal Republic of Germany,1982-06-01,49.898814,10.902764
60,Bangkok,Thailand,2008-12-05,13.756331,100.501765
1,Baniyas,Israel,1968-09-13,32.291422,34.851011
63,Barcelona,Spain,2005-10-08,41.385064,2.173403
15,Barranquilla,Colombia,2006-01-20,11.004107,-74.806981
68,Bastia,France,2008-02-05,42.697283,9.450881
2,Bat Yam,Israel,1985-04-30,32.013186,34.748019
19,Bayonne,France,2008-04-23,43.492949,-1.474841
4,Beersheba,Israel,2009-01-03,31.252973,34.791462
1,Beilen,Netherlands,1975-12-02,52.859935,6.514632
393,Beirut,Lebanon,2006-11-21,33.893791,35.501777
2,Beit Shean,Israel,2001-08-10,32.497103,35.497336
5,Belgrade,Yugoslavia,1994-11-15,44.829568,20.420127
2,Bello Monte,Venezuela,1974-03-14,8.666667,-64.883333
1,Ben Gardan,Tunisia,1982-09-27,33.143189,11.218378
3,Berkeley,United States,1989-02-28,37.871593,-122.272747
25,Berlin,Federal Republic of Germany,1996-07-23,52.520007,13.404954
7,Bern,Switzerland,2003-05-26,46.947974,7.447447
1,Besancon,France,1976-02-22,47.237829,6.024054
1,Bet Shean,Israel,1968-12-29,32.497103,35.497336
2,Bethesda,United States,1980-07-23,38.984652,-77.094709
6,Biarritz,France,2007-04-11,43.483152,-1.558626
1,Bielefeld,Federal Republic of Germany,1980-02-16,52.030229,8.532471
128,Bilbao,Spain,2008-12-31,43.263013,-2.934985
169,Bogota,Colombia,2008-10-23,4.710989,-74.072092
8,Bologna,Italy,2005-11-02,44.494887,11.342616
1,Bolzano,Italy,1977-10-22,46.498295,11.354758
10,Bombay,India,1993-03-12,19.075984,72.877656
18,Bonn,Federal Republic of Germany,1996-02-02,50.73743,7.098207
3,Bordeaux,France,2004-10-28,44.837789,-0.57918
2,Boston,United States,1986-01-06,42.360083,-71.05888
1,Bovensmilde,Netherlands,1977-05-23,52.977867,6.478378
8,Bremen,Federal Republic of Germany,1996-07-23,53.079296,8.801694
1,Bridgetown,Barbados,1976-07-10,13.113222,-59.598809
1,Brisbane,Australia,1972-12-08,-27.469771,153.025124
85,Brussels,Belgium,2004-01-05,50.85034,4.35171
12,Bucaramanga,Colombia,2007-06-13,7.119349,-73.122742
1,Buedingen,Federal Republic of Germany,1981-01-02,50.286296,9.111384
111,Buenos Aires,Argentina,2005-11-04,-34.603684,-58.381559
4,Buga,Colombia,2004-11-02,3.900508,-76.302189
1,Burgas,Bulgaria,1982-09-09,42.504793,27.462636
53,Cairo,Egypt,2005-04-30,30.04442,31.235712
4,Calcutta,India,2002-01-22,22.572646,88.363895
67,Cali,Colombia,2009-08-13,3.451647,-76.531985
13,Calvi,France,2006-08-05,42.567651,8.757222
1,Cambridge,United States,1982-03-22,42.373616,-71.109733
7,Canberra,Australia,1988-08-14,-35.3075,149.124417
5,Cannes,France,2001-10-09,43.552847,7.017369
1,Capetown,South Africa,1970-05-08,-33.924868,18.424055
64,Caracas,Venezuela,2008-02-14,10.480594,-66.903606
10,Casablanca,Morocco,2007-03-11,33.57311,-7.589843
1,Chalchuapa,El Salvador,1978-10-25,13.98961,-89.676919
1,Charre,Mozambique,1983-02-11,-17.332581,35.146919
1,Chekka,Lebanon,1981-09-17,34.323955,35.72945
1,Chiang Mai,Thailand,1970-06-19,18.787747,98.993128
7,Chicago,United States,1989-04-01,41.878114,-87.629798
1,Chillan,Chile,1972-10-10,-36.606262,-72.102335
4,Chittagong,Bangladesh,2005-11-29,22.347537,91.812332
1,Christchurch,New Zealand,1973-08-15,-43.532054,172.636225
2,Clorinda,Argentina,1976-06-28,-25.288183,-57.72282
7,Cochabamba,Bolivia,2008-09-16,-17.413977,-66.165322
20,Cologne,Federal Republic of Germany,2008-09-26,50.937531,6.960279
1,Colombo,Sri Lanka (Ceylon),1971-03-06,6.927079,79.861243
1,Comodoro Rivadavia,Argentina,1978-12-14,-45.865615,-67.482243
25,Copenhagen,Denmark,2006-11-16,55.676097,12.568337
1,Coral Gables,United States,1974-04-13,25.72149,-80.268384
25,Cordoba,Argentina,1991-06-09,-31.420083,-64.188776
1,Corrientes,Argentina,1976-06-26,-27.469213,-58.830635
1,Cuidad Juarez,Mexico,1976-12-08,31.690364,-106.424548
6,Dacca,Bangladesh,1973-12-18,23.810332,90.412518
19,Damascus,Syria,2008-09-27,33.513807,36.276528
1,Danli,Honduras,1980-07-22,14.041095,-86.570355
3,Darmstadt,Federal Republic of Germany,1992-08-24,49.872825,8.651193
11,Davao,Philippines,2008-03-24,7.190708,125.455341
41,Dhaka,Bangladesh,2007-01-22,23.810332,90.412518
2,Dimona,Israel,1981-06-07,31.069419,35.033363
15,Diyarbakir,Turkey,2006-09-12,37.924973,40.210983
7,Dortmund,Federal Republic of Germany,1996-07-23,51.513587,7.465298
6,Dubai,United Arab Emirates,1999-02-02,25.204849,55.270783
10,Dublin,Ireland,2003-05-06,53.349805,-6.26031
27,Durango,Spain,2009-07-10,43.171186,-2.631334
10,Dusseldorf,Federal Republic of Germany,1996-07-28,51.227741,6.773456
5,East Beirut,Lebanon,1988-06-02,33.893791,35.501777
5,Eilat,Israel,2007-01-29,29.557669,34.951925
1,Ein Yahav,Israel,1968-08-06,30.658757,35.239656
2,El Marques,Venezuela,1976-02-19,10.496408,-66.812665
2,Elat,Israel,1982-06-28,29.557669,34.951925
3,Elizabeth,United States,1980-10-03,40.663992,-74.210701
1,Entebbe,Uganda,1978-05-26,0.051184,32.463708
3,Envigado,Colombia,2003-11-24,6.169611,-75.587364
1,Erlangen,Federal Republic of Germany,1980-12-19,49.589674,11.011961
1,Eschborn,Federal Republic of Germany,1982-11-15,50.146747,8.561455
2,Essen,Federal Republic of Germany,1982-06-08,51.455643,7.011555
12,Florence,Italy,2004-03-01,43.76956,11.255814
2,Fort Lauderdale,United States,1977-05-25,26.122439,-80.137317
1,Fortaleza,Brazil,1969-06-11,-3.731862,-38.52667
55,Frankfurt,Federal Republic of Germany,1996-07-24,50.110922,8.682127
1,Fukuoko,Japan,1970-01-29,33.590355,130.401716
1,Galveston,United States,1968-06-01,29.301348,-94.797696
1,Gelnhausen,Federal Republic of Germany,1982-06-01,50.204566,9.186373
32,Geneva,Switzerland,1998-07-01,46.204391,6.143158
11,Genoa,Italy,2005-03-01,44.40565,8.946256
5,Giessen,Federal Republic of Germany,1985-01-07,50.584051,8.678403
1,Glen Cove,United States,1971-06-12,40.862322,-73.633739
2,Glendale,United States,2001-01-02,34.142508,-118.255075
1,Gode,Ethiopia,1977-03-27,5.948498,43.5655
5,Gothenburg,Sweden,1992-02-12,57.70887,11.97456
3,Graz,Austria,1998-01-04,47.070714,15.439504
1,Groningen,Netherlands,1977-05-23,53.219384,6.566502
8,Guadalajara,Mexico,1986-05-20,20.659699,-103.349609
68,Guatemala City,Guatemala,2006-04-07,14.634915,-90.506882
17,Guayaquil,Ecuador,2006-02-13,-2.170998,-79.922359
1,Hague,Netherlands,1969-09-08,52.070498,4.3007
1,Haidari,Greece,1980-05-21,38.005298,23.664275
20,Haifa,Israel,2003-10-24,32.794046,34.989571
24,Hamburg,Federal Republic of Germany,1996-07-26,53.551085,9.993682
2,Hanau,Federal Republic of Germany,1986-08-10,50.126412,8.92831
11,Hanover,Federal Republic of Germany,1992-10-12,52.375892,9.73201
1,Hasparen,France,1975-06-12,43.383952,-1.30525
14,Havana,Cuba,1997-10-01,23.113593,-82.366596
90,Hebron,West Bank/Gaza,2005-10-06,,
9,Heidelberg,Federal Republic of Germany,1986-11-16,49.398752,8.672434
4,Hendaye,France,2000-11-09,43.359399,-1.766148
1,Heraklion,Greece,1971-07-03,35.338735,25.144213
2,Hialeah,United States,1979-09-08,25.857596,-80.278106
5,Hoboken,United States,1971-08-22,40.743991,-74.032363
1,Hochum,Federal Republic of Germany,1982-06-08,,
1,Hollywood,United States,1980-10-12,26.011201,-80.14949
1,Hong Kong,Hong Kong,1982-09-20,22.278315,114.174695
1,Huehuetenango,Guatemala,1982-02-13,15.319877,-91.491824
5,Idil,Turkey,2006-07-10,37.3402,41.8934
1,Iraklion,Greece,1973-05-26,35.338735,25.144213
18,Irun,Spain,2004-09-25,43.338147,-1.788849
3,Isfahan,Iran,1978-10-25,32.654627,51.667983
2,Iskenderun,Turkey,2001-01-04,36.584673,36.175616
50,Islamabad,Pakistan,2009-10-20,33.729388,73.093146
1,Ismaram,Ethiopia,1975-10-23,,
380,Istanbul,Turkey,2009-07-27,41.008238,28.978359
1,Ituzaingo,Argentina,1970-03-24,-34.657024,-58.675398
31,Izmir,Turkey,2008-08-21,38.423734,27.142826
292,Jerusalem,Israel,2009-07-22,31.768319,35.21371
10,Johannesburg,South Africa,2002-11-24,-26.204103,28.047305
165,Kabul,Afghanistan,2009-03-18,34.555349,69.207486
1,Kaiserslautern,Federal Republic of Germany,1973-01-11,49.440066,7.749126
18,Kampala,Uganda,2001-03-16,0.347596,32.58252
161,Karachi,Pakistan,2009-09-15,24.861462,67.009939
99,Karbala,Iraq,2008-07-25,32.606846,44.010392
1,Kariba,Zimbabwe (Rhodesia),1976-12-20,-16.522046,28.850941
2,Karlsbad,Federal Republic of Germany,1982-10-21,50.231852,12.871962
1,Katmandu,Nepal,1977-11-09,27.717245,85.323961
1,Kerman,Iran,1979-01-14,30.283938,57.083363
1,Key Biscayne,United States,1972-03-27,25.693713,-80.162825
1,Key West,United States,1968-05-24,24.555059,-81.779987
1,Kfar Yuval,Israel,1975-06-15,33.246577,35.597063
11,Khartoum,Sudan,2008-01-01,15.500654,32.559899
3,Kholargos,Greece,2003-08-28,38.002648,23.798605
1,Khorramshahr,Iran,1978-10-10,30.425622,48.189118
4,Kingston,Jamaica,1980-07-04,18.017874,-76.809904
3,Kinshasa,Zaire (Belgian Congo),1996-11-02,-4.441931,15.266293
852,Kirkuk,Iraq,2008-12-11,35.465576,44.380392
6,Kiryat Shmona,Israel,2005-12-27,33.207933,35.570246
1,Klagenfurt,Austria,1968-03-15,46.63646,14.312225
1,Konstanz,Federal Republic of Germany,1978-11-11,47.67795,9.173238
5,Krakow,Poland,1993-07-02,50.06465,19.94498
8,Kuala Lumpur,Malaysia,1991-03-27,3.139003,101.686855
23,Kuwait City,Kuwait,2004-01-20,29.375859,47.977405
3,La Ceiba,Honduras,1989-07-13,15.770288,-86.791901
43,La Paz,Bolivia,2008-08-28,-16.489689,-68.119294
1,La Plata,Argentina,1973-07-07,-34.920495,-57.953566
1,La Spezia,Italy,1973-04-12,44.10245,9.824083
46,Lahore,Pakistan,2008-11-22,31.554606,74.357158
1,Las Palmas,Canary Islands,1977-01-03,28.123546,-15.436257
1,Lausanne,Switzerland,1981-07-21,46.519654,6.632273
1,Lavrion,Greece,1974-02-23,37.720531,24.0464
1,Leon,Nicaragua,1979-06-05,12.431553,-86.872215
1,Libreville,Gabon,1979-06-21,0.416198,9.467268
1,Liege,Belgium,1974-05-22,50.632557,5.579666
1,Lille,France,1977-04-27,50.62925,3.057256
235,Lima,Peru,2007-05-20,-12.046374,-77.042793
10,Limassol,Cyprus,2004-05-04,34.70713,33.022617
2,Limon,Costa Rica,1982-08-04,9.991311,-83.041508
35,Lisbon,Portugal,1988-12-14,38.722252,-9.139337
141,London,United Kingdom,2007-06-29,51.507351,-0.127758
55,Londonderry,Northern Ireland,2009-09-11,54.996612,-7.308575
1,Long Island,United States,1972-05-24,40.789142,-73.134961
39,Los Angeles,United States,2008-02-05,34.052234,-118.243685
2,Lourdes,France,1983-08-12,43.091463,-0.045726
12,Luanda,Angola,2001-09-25,-8.839988,13.289437
4,Lusaka,Zambia,1999-02-28,-15.387526,28.322817
2,Luxembourg City,Luxembourg,1983-02-28,49.611621,6.131935
16,Lyon,France,1998-11-15,45.764043,4.835659
1,Maalot,Israel,1979-01-14,33.015026,35.276017
135,Madrid,Spain,2009-02-09,40.416775,-3.70379
8,Maicao,Colombia,2008-05-30,11.378934,-72.248517
1,Mainz,Federal Republic of Germany,1975-10-08,49.992862,8.247253
1,Makale,Ethiopia,1977-04-26,13.46666,39.51666
3,Malatya,Turkey,2006-03-31,38.355363,38.333525
8,Managua,Nicaragua,1995-06-05,12.114993,-86.236174
15,Manama,Bahrain,2006-04-29,26.228516,50.58605
3,Manchester,United Kingdom,2004-01-05,53.480759,-2.242631
91,Manila,Philippines,2008-05-21,14.599512,120.98422
4,Mannheim,Federal Republic of Germany,1995-08-16,49.487459,8.466039
1,Manzini,Swaziland,1982-06-17,-26.644588,31.354163
3,Maputo,Mozambique,1993-07-04,-25.891968,32.605135
3,Mar del Plata,Argentina,2005-11-04,-38.005477,-57.542611
5,Maracaibo,Venezuela,2004-09-19,10.654451,-71.714795
2,Marbella,Spain,1984-09-14,36.510071,-4.882447
27,Marseille,France,2007-04-20,43.296482,5.36978
1,Masada,Israel,1968-02-24,32.844172,35.423166
2,Maseru,Lesotho,1983-06-30,-29.363219,27.51436
1,Mashad,Iran,1975-06-14,36.260462,59.616755
1,Mavumba,Mozambique,1982-09-21,,
5,Mazar-e-Sharif,Afghanistan,2005-12-14,36.692617,67.117951
5,Mecca,Saudi Arabia,2005-10-29,21.389082,39.857912
91,Medellin,Colombia,2005-11-07,6.253041,-75.564574
8,Melbourne,Australia,2001-07-16,-37.816279,144.964246
2,Mendoza,Argentina,1991-04-08,-32.889459,-68.845839
2,Merida,Mexico,1976-07-23,20.96737,-89.592586
2,Meshed,Iran,1994-06-20,36.260462,59.616755
29,Mexico City,Mexico,2007-04-03,19.432608,-99.133208
59,Miami,United States,2002-06-03,25.76168,-80.19179
64,Milan,Italy,2009-12-16,45.465422,9.185924
9,Mindanao,Philippines,2008-06-08,8.49613,123.303406
1,Minneapolis,United States,1979-11-09,44.922612,-93.261479
1,Mkuze,South Africa,1982-11-26,-27.617835,32.034023
1,Moenchengladbach,Federal Republic of Germany,1978-08-20,51.180457,6.442804
201,Mogadishu,Somalia,2009-10-28,2.046934,45.318162
1,Monchen-Gladbach,Federal Republic of Germany,1973-09-17,,
2,Monterey,Mexico,1996-04-11,25.686614,-100.316113
18,Montevideo,Uruguay,2006-04-16,-34.901113,-56.164531
7,Montreal,Canada,2004-04-05,45.501689,-73.567256
2,Moscow,USSR,1983-08-19,55.751389,37.534444
4,Moyale,Ethiopia,2003-05-20,3.539985,39.052841
3,Muenster,Federal Republic of Germany,1989-09-01,51.960665,7.626135
31,Munich,Federal Republic of Germany,1995-10-18,48.135125,11.581981
51,Nablus,West Bank/Gaza,2007-02-18,,
3,Nahariya,Israel,1995-06-23,33.008536,35.098051
2,Nahariyya,Israel,2001-09-09,33.008536,35.098051
5,Nairobi,Kenya,2007-07-11,-1.292066,36.821946
1,Nakasuji,Japan,1978-09-16,34.819899,135.374427
5,Nantes,France,2004-01-29,47.218371,-1.553621
4,Naples,Italy,2001-07-21,40.851775,14.268124
1,Neot Hakikar,Israel,1968-02-21,30.933368,35.378126
15,Netanya,Israel,2005-12-05,32.321458,34.853196
1,Neustadt,Federal Republic of Germany,1982-09-18,,
38,New Delhi,India,2008-09-27,28.613939,77.209021
1,New Orleans,United States,1968-11-04,29.951066,-90.071532
167,New York City,United States,2005-05-05,40.712784,-74.005941
13,Nice,France,2003-07-20,43.710173,7.261953
26,Nicosia,Cyprus,2003-01-13,35.185566,33.382276
3,Nimes,France,1999-05-10,43.836699,4.360054
2,Nouakchott,Mauritania,2004-10-02,18.07353,-15.958237
1,Nuevo Concepcion,Guatemala,1982-01-07,15.559732,-91.730767
3,Nuremburg,Federal Republic of Germany,1996-07-28,,
1,Oakland,United States,1969-06-17,37.804364,-122.271114
3,Oaxaca,Mexico,2006-05-19,17.059417,-96.721622
1,Offenbach,Federal Republic of Germany,1982-04-12,50.095636,8.776084
1,Ogden,United States,1981-07-17,41.223,-111.97383
2,Okinawa,Japan,1988-12-24,26.212401,127.680932
1,Olivos,Argentina,1978-09-01,-34.510551,-58.496391
1,Oporto,Portugal,1976-01-16,41.157944,-8.629105
7,Orito,Colombia,2006-01-09,0.67688,-76.880163
2,Ortakoy,Turkey,1999-04-03,38.7366,34.0408
3,Oruro,Bolivia,2004-01-05,-17.964677,-67.106035
4,Osaka,Japan,2001-02-05,34.693738,135.502165
10,Oslo,Norway,2006-09-17,59.913869,10.752245
3,Osnabrueck,Federal Republic of Germany,1996-06-28,52.279911,8.047179
13,Ottawa,Canada,1992-05-26,45.42153,-75.697193
2,Palermo,Italy,1971-07-21,38.115688,13.361267
14,Panama City,Panama,1992-09-18,9.101179,-79.402864
314,Paris,France,2006-06-17,48.856614,2.352222
2,Penang,Malaysia,2006-01-15,5.414921,100.329761
1,Penhalonga,Zimbabwe (Rhodesia),1978-08-02,-18.883389,32.670833
88,Peshawar,Pakistan,2009-10-09,34.014975,71.58049
2,Petach Tikva,Israel,2006-02-05,32.084041,34.887762
3,Petah Tikva,Israel,2003-12-13,32.084041,34.887762
2,Philadelphia,United States,1989-03-13,39.952584,-75.165222
25,Phnom Penh,Cambodia,2007-07-29,11.544873,104.892167
7,Piraeus,Greece,2002-10-12,37.942986,23.646983
1,Pittsburgh,United States,1977-06-25,40.440625,-79.995886
2,Point-a-Pitre,Guadeloupe,1985-01-10,16.288867,-61.491708
1,Port Elizabeth,United States,1976-09-16,43.936887,-83.204517
2,Port of Spain,Trinidad-Tobago,2007-03-07,10.654901,-61.501926
13,Port-au-Prince,Haiti,2005-07-18,18.594395,-72.307433
2,Porto Alegre,Brazil,1972-01-11,-30.034647,-51.217658
1,Qiryat Arba,Israel,1978-12-12,31.529326,35.115625
1,Qiryat Gat,Israel,1979-11-07,31.611148,34.768459
8,Qiryat Shemona,Israel,2008-06-22,33.207933,35.570246
1,Quebec,Canada,1968-05-24,52.939916,-73.549136
1,Queens,United States,1972-12-01,40.728224,-73.794852
3,Quezon City,Philippines,2006-06-11,14.676041,121.0437
36,Quito,Ecuador,2005-11-16,-0.180653,-78.467838
3,Rabat,Morocco,1995-02-28,33.97159,-6.849813
1,Ramstein,Federal Republic of Germany,1982-05-11,,
1,Ravenstein,Netherlands,1972-02-05,51.796778,5.651501
26,Rawalpindi,Pakistan,2009-07-02,33.598394,73.044135
3,Recife,Brazil,1978-05-24,-8.057838,-34.882897
13,Rio de Janeiro,Brazil,2003-05-09,-22.906847,-43.172896
7,Riohacha,Colombia,2006-01-07,11.538415,-72.916784
1,Rockville,United States,1977-07-25,39.083997,-77.152758
1,Romans sur Isere,France,1982-05-03,45.044236,5.052735
173,Rome,Italy,2006-11-06,41.902784,12.496366
25,Rosario,Argentina,2003-04-22,-32.944243,-60.650539
7,Rotterdam,Netherlands,1995-02-20,51.92442,4.477733
1,Roubaix,France,1975-07-26,50.692705,3.177847
1,Rubelsalto,Guatemala,1981-04-29,15.783471,-90.230759
1,Saigon,South Vietnam,1975-01-06,10.823099,106.629664
1,Saint Denis,France,1976-09-29,48.936181,2.357443
4,Saint Sebastian,Spain,1985-08-15,43.318334,-1.981231
7,Saint-Jean-de-Luz,France,1996-08-17,43.388051,-1.663055
2,Salisbury,Zimbabwe (Rhodesia),1977-08-06,-17.825166,31.03351
6,Salonika,Greece,1998-01-26,40.640063,22.944419
1,Salta,Argentina,1974-09-11,-24.782127,-65.423198
1,Salvador,Brazil,1977-07-03,-12.97304,-38.502304
2,Salzburg,Austria,1995-12-20,47.80949,13.05501
3,San Diego,United States,2003-09-19,32.715738,-117.161084
9,San Francisco,United States,1991-06-28,37.77493,-122.419416
30,San Jose,Costa Rica,1993-03-08,9.928069,-84.090725
13,San Juan,Puerto Rico,1998-06-09,18.465539,-66.105735
1,San Justo,Argentina,1975-03-09,-34.687408,-58.563263
1,San Marcos,El Salvador,1978-11-25,13.660952,-89.172981
3,San Martin,Colombia,2001-12-17,3.698492,-73.697308
3,San Miguel de Tucuman,Argentina,1972-11-09,-26.808285,-65.21759
11,San Pedro Sula,Honduras,1998-02-11,15.51492,-87.992268
87,San Salvador,El Salvador,2001-08-11,13.69294,-89.218191
144,San Sebastian,Spain,2008-05-01,43.318334,-1.981231
1,Santa Ana,El Salvador,1979-05-15,13.977828,-89.563912
1,Santa Barbara,United States,1973-01-28,34.420831,-119.69819
12,Santa Cruz,Bolivia,2008-12-18,-17.814582,-63.156085
3,Santa Fe,Argentina,1987-07-01,-31.610658,-60.697294
2,Santa Monica,United States,1975-05-07,34.019454,-118.491191
157,Santiago,Chile,2009-08-03,-33.44889,-70.669265
1,Santiago Texacuangos,El Salvador,1982-07-31,13.640896,-89.119057
2,Santiago de Los Caballeros,Dominican Republic,1968-10-08,19.479196,-70.693057
13,Santo Domingo,Dominican Republic,1989-12-21,18.486058,-69.931212
4,Santurce,Spain,2001-06-01,43.328128,-3.033659
17,Sao Paulo,Brazil,2005-09-08,-23.55052,-46.633309
1,Sapporo,Japan,1974-08-09,43.062096,141.354376
1,Sare,France,1976-05-28,43.312739,-1.580979
1,Sassari,Italy,1977-10-22,40.725927,8.555683
1,Schwaebisch-Gmund,Federal Republic of Germany,1982-08-03,,
5,Seattle,United States,2008-03-03,47.60621,-122.332071
1,Semnan,Iran,1978-11-14,35.578797,53.379811
1,Serrano,Spain,1976-09-27,40.425436,-3.68663
8,Seville,Spain,2000-12-31,37.389092,-5.984459
23,Sidon,Lebanon,2006-04-14,33.557069,35.372948
1,Silwad,Israel,1980-12-04,31.97939,35.261865
5,Singapore,Singapore,1988-04-20,1.355379,103.867744
1,Sligo,Ireland,1979-08-27,54.27661,-8.476089
1,St. Etienne de Baigorry,France,1982-03-19,43.175208,-1.347473
1,St. John,Canada,1968-09-11,45.273315,-66.063308
22,Stockholm,Sweden,2005-12-15,59.329323,18.068581
9,Strasbourg,France,2002-10-22,48.573405,7.752111
9,Stuttgart,Federal Republic of Germany,1996-07-24,48.775846,9.182932
3,Sucre,Bolivia,2007-12-13,-19.019585,-65.261961
1,Sumerville,United States,1982-05-04,42.387597,-71.099497
14,Sydney,Australia,1994-06-16,-33.86882,151.209296
2,Tabriz,Iran,1992-03-26,38.096239,46.273801
1,Talpiot,Israel,1977-11-13,31.752648,35.221389
1,Tampa,United States,1968-05-30,27.950575,-82.457178
1,Taqah,Trucial Oman States,1976-07-01,,
1,Tarma,Peru,1981-07-30,-11.419335,-75.688949
2,Tarsus,Turkey,1979-06-03,36.916561,34.89521
35,Tegucigalpa,Honduras,2009-08-27,14.072275,-87.192136
82,Tehran,Iran,2008-12-13,35.689198,51.388974
98,Tel Aviv,Israel,2006-04-17,32.0853,34.781768
1,Teoponte,Bolivia,1970-07-21,-15.496577,-67.816739
1,Terrenia,Italy,1973-01-17,43.629436,10.290863
21,The Hague,Netherlands,1999-02-16,52.070498,4.3007
9,Thessalonika,Greece,2007-01-16,40.640063,22.944419
71,Thessaloniki,Greece,2009-12-12,40.640063,22.944419
3,Tiberias,Israel,2008-11-01,32.795859,35.530973
18,Tirana,Albania,2007-05-31,41.327546,19.818698
37,Tokyo,Japan,2005-01-09,35.709026,139.731992
1,Toronto,Canada,1982-10-14,43.653226,-79.383184
1,Torrance,United States,1980-07-30,33.835849,-118.340629
7,Toulouse,France,2007-03-07,43.604652,1.444209
2,Trieste,Italy,2000-09-15,45.649526,13.776818
13,Tripoli,Libya,1989-09-28,32.887209,13.191338
1,Tucuman,Argentina,1970-10-05,-26.808285,-65.21759
1,Tuebingen,Federal Republic of Germany,1982-05-02,48.521636,9.057645
14,Turin,Italy,2007-03-05,45.070312,7.686856
4,Tyre,Lebanon,1983-11-04,33.270489,35.203764
5,Union City,United States,1982-05-17,37.593392,-122.04383
2,Utrecht,Netherlands,1995-04-15,52.090737,5.12142
12,Valencia,Spain,2007-05-24,39.469908,-0.376288
3,Valleta,Malta,1984-11-18,35.898909,14.514553
3,Vancouver,Canada,1988-08-26,49.282729,-123.120738
2,Venice,Italy,2001-08-09,45.440847,12.315515
2,Verona,Italy,1999-05-19,45.438384,10.991622
43,Vienna,Austria,2005-11-16,48.208174,16.373819
11,Vientiane,Laos,2004-11-25,17.975706,102.633104
9,Vina Del Mar,Chile,1991-01-22,-33.015348,-71.550028
5,Warsaw,Poland,1998-07-15,52.229676,21.012229
1,Weehawken,United States,1979-03-26,40.766371,-74.025371
3,Weisbaden,Federal Republic of Germany,1985-08-08,,
2,Wellington,New Zealand,2002-01-06,-41.28646,174.776236
13,West Beirut,Lebanon,1988-12-12,33.893791,35.501777
24,West Berlin,Federal Republic of Germany,1988-03-28,39.808726,-74.941277
4,Wiesbaden,Federal Republic of Germany,1991-08-15,50.078218,8.239761
1,Yesilyurt,Turkey,1977-10-09,38.295459,38.247475
33,Zamboanga,Philippines,2008-06-20,6.921442,122.079027
1,Zarit,Israel,1980-12-14,33.098985,35.288522
1,Zouerate,Mauritania,1977-05-01,22.732532,-12.47532
25,Zurich,Switzerland,2006-07-04,47.376887,8.541694
1,el Hamma,Israel,1969-08-07,32.373333,35.500833
count(*),City,Country,Date,latitude,longitude
1,Abu Dhabi,United Arab Emirates,1977-10-26,54.697277,24.299174
18,Adana,Turkey,2006-08-25,35.330829,36.991419
16,Addis Ababa,Ethiopia,2008-09-03,38.757761,8.980603
13,Afula,Israel,2003-05-19,35.287922,32.610493
15,Ahvaz,Iran,2006-03-02,48.670619,31.318327
1,Al-Alamein,Egypt,1977-03-09,28.954309,30.82247
1,Alayh,Lebanon,1982-10-04,35.978889,33.589722
1,Albany,United States,1981-09-22,-73.756232,42.652579
1,Aleppo,Cyprus,1977-11-03,,
4,Alexandria,Egypt,1988-01-10,29.918739,31.200092
70,Algiers,Algeria,2008-08-20,3.058793,36.75377
1,Alhambra,United States,1980-07-30,-118.127015,34.095287
1,Ammam,Jordan,1977-11-06,35.928372,31.945367
65,Amman,Jordan,2008-07-16,35.928372,31.945367
23,Amsterdam,Netherlands,2004-11-02,4.895168,52.370216
2,Anaheim,United States,1983-01-21,-117.914504,33.835293
8,Anglet,France,2009-02-25,-1.514699,43.481402
99,Ankara,Turkey,2005-11-20,32.859742,39.933364
4,Antalya,Turkey,2006-08-28,30.713323,36.896891
2,Antofagasta,Chile,1985-07-07,-70.397502,-23.650928
9,Antwerp,Belgium,2003-06-04,4.402464,51.219448
3,Arequipa,Peru,1989-12-23,-71.537451,-16.409047
1,Arhus,Denmark,1980-11-19,10.203921,56.162939
1,Arica,Chile,1977-07-05,-70.312599,-18.478253
1,Ash Shariqah,United Arab Emirates,1977-12-14,55.75784,25.075397
12,Asmara,Ethiopia,1988-02-17,41.543889,11.245278
1,Assen,Netherlands,1978-03-12,6.564228,52.992753
6,Asuncion,Paraguay,2004-12-03,-57.575926,-25.26374
434,Athens,Greece,2009-12-27,23.727539,37.98381
1,Avrainville,France,1973-08-02,2.246488,48.56214
1,Axum,Ethiopia,1976-06-01,38.74729,14.134032
1,Bad Hersfeld,Federal Republic of Germany,1976-12-19,9.701968,50.870135
4102,Baghdad,Iraq,2008-12-25,44.361488,33.312806
1,Baku,USSR,1980-07-05,49.867092,40.409262
1,Balabakk,Lebanon,1983-01-02,,
1,Baltimore,United States,1979-11-16,-76.612189,39.290385
1,Bamberg,Federal Republic of Germany,1982-06-01,10.902764,49.898814
60,Bangkok,Thailand,2008-12-05,100.501765,13.756331
1,Baniyas,Israel,1968-09-13,34.851011,32.291422
63,Barcelona,Spain,2005-10-08,2.173403,41.385064
15,Barranquilla,Colombia,2006-01-20,-74.806981,11.004107
68,Bastia,France,2008-02-05,9.450881,42.697283
2,Bat Yam,Israel,1985-04-30,34.748019,32.013186
19,Bayonne,France,2008-04-23,-1.474841,43.492949
4,Beersheba,Israel,2009-01-03,34.791462,31.252973
1,Beilen,Netherlands,1975-12-02,6.514632,52.859935
393,Beirut,Lebanon,2006-11-21,35.501777,33.893791
2,Beit Shean,Israel,2001-08-10,35.497336,32.497103
5,Belgrade,Yugoslavia,1994-11-15,20.420127,44.829568
2,Bello Monte,Venezuela,1974-03-14,-64.883333,8.666667
1,Ben Gardan,Tunisia,1982-09-27,11.218378,33.143189
3,Berkeley,United States,1989-02-28,-122.272747,37.871593
25,Berlin,Federal Republic of Germany,1996-07-23,13.404954,52.520007
7,Bern,Switzerland,2003-05-26,7.447447,46.947974
1,Besancon,France,1976-02-22,6.024054,47.237829
1,Bet Shean,Israel,1968-12-29,35.497336,32.497103
2,Bethesda,United States,1980-07-23,-77.094709,38.984652
6,Biarritz,France,2007-04-11,-1.558626,43.483152
1,Bielefeld,Federal Republic of Germany,1980-02-16,8.532471,52.030229
128,Bilbao,Spain,2008-12-31,-2.934985,43.263013
169,Bogota,Colombia,2008-10-23,-74.072092,4.710989
8,Bologna,Italy,2005-11-02,11.342616,44.494887
1,Bolzano,Italy,1977-10-22,11.354758,46.498295
10,Bombay,India,1993-03-12,72.877656,19.075984
18,Bonn,Federal Republic of Germany,1996-02-02,7.098207,50.73743
3,Bordeaux,France,2004-10-28,-0.57918,44.837789
2,Boston,United States,1986-01-06,-71.05888,42.360083
1,Bovensmilde,Netherlands,1977-05-23,6.478378,52.977867
8,Bremen,Federal Republic of Germany,1996-07-23,8.801694,53.079296
1,Bridgetown,Barbados,1976-07-10,-59.598809,13.113222
1,Brisbane,Australia,1972-12-08,153.025124,-27.469771
85,Brussels,Belgium,2004-01-05,4.35171,50.85034
12,Bucaramanga,Colombia,2007-06-13,-73.122742,7.119349
1,Buedingen,Federal Republic of Germany,1981-01-02,9.111384,50.286296
111,Buenos Aires,Argentina,2005-11-04,-58.381559,-34.603684
4,Buga,Colombia,2004-11-02,-76.302189,3.900508
1,Burgas,Bulgaria,1982-09-09,27.462636,42.504793
53,Cairo,Egypt,2005-04-30,31.235712,30.04442
4,Calcutta,India,2002-01-22,88.363895,22.572646
67,Cali,Colombia,2009-08-13,-76.531985,3.451647
13,Calvi,France,2006-08-05,8.757222,42.567651
1,Cambridge,United States,1982-03-22,-71.109733,42.373616
7,Canberra,Australia,1988-08-14,149.124417,-35.3075
5,Cannes,France,2001-10-09,7.017369,43.552847
1,Capetown,South Africa,1970-05-08,18.424055,-33.924868
64,Caracas,Venezuela,2008-02-14,-66.903606,10.480594
10,Casablanca,Morocco,2007-03-11,-7.589843,33.57311
1,Chalchuapa,El Salvador,1978-10-25,-89.676919,13.98961
1,Charre,Mozambique,1983-02-11,35.146919,-17.332581
1,Chekka,Lebanon,1981-09-17,35.72945,34.323955
1,Chiang Mai,Thailand,1970-06-19,98.993128,18.787747
7,Chicago,United States,1989-04-01,-87.629798,41.878114
1,Chillan,Chile,1972-10-10,-72.102335,-36.606262
4,Chittagong,Bangladesh,2005-11-29,91.812332,22.347537
1,Christchurch,New Zealand,1973-08-15,172.636225,-43.532054
2,Clorinda,Argentina,1976-06-28,-57.72282,-25.288183
7,Cochabamba,Bolivia,2008-09-16,-66.165322,-17.413977
20,Cologne,Federal Republic of Germany,2008-09-26,6.960279,50.937531
1,Colombo,Sri Lanka (Ceylon),1971-03-06,79.861243,6.927079
1,Comodoro Rivadavia,Argentina,1978-12-14,-67.482243,-45.865615
25,Copenhagen,Denmark,2006-11-16,12.568337,55.676097
1,Coral Gables,United States,1974-04-13,-80.268384,25.72149
25,Cordoba,Argentina,1991-06-09,-64.188776,-31.420083
1,Corrientes,Argentina,1976-06-26,-58.830635,-27.469213
1,Cuidad Juarez,Mexico,1976-12-08,-106.424548,31.690364
6,Dacca,Bangladesh,1973-12-18,90.412518,23.810332
19,Damascus,Syria,2008-09-27,36.276528,33.513807
1,Danli,Honduras,1980-07-22,-86.570355,14.041095
3,Darmstadt,Federal Republic of Germany,1992-08-24,8.651193,49.872825
11,Davao,Philippines,2008-03-24,125.455341,7.190708
41,Dhaka,Bangladesh,2007-01-22,90.412518,23.810332
2,Dimona,Israel,1981-06-07,35.033363,31.069419
15,Diyarbakir,Turkey,2006-09-12,40.210983,37.924973
7,Dortmund,Federal Republic of Germany,1996-07-23,7.465298,51.513587
6,Dubai,United Arab Emirates,1999-02-02,55.270783,25.204849
10,Dublin,Ireland,2003-05-06,-6.26031,53.349805
27,Durango,Spain,2009-07-10,-2.631334,43.171186
10,Dusseldorf,Federal Republic of Germany,1996-07-28,6.773456,51.227741
5,East Beirut,Lebanon,1988-06-02,35.501777,33.893791
5,Eilat,Israel,2007-01-29,34.951925,29.557669
1,Ein Yahav,Israel,1968-08-06,35.239656,30.658757
2,El Marques,Venezuela,1976-02-19,-66.812665,10.496408
2,Elat,Israel,1982-06-28,34.951925,29.557669
3,Elizabeth,United States,1980-10-03,-74.210701,40.663992
1,Entebbe,Uganda,1978-05-26,32.463708,0.051184
3,Envigado,Colombia,2003-11-24,-75.587364,6.169611
1,Erlangen,Federal Republic of Germany,1980-12-19,11.011961,49.589674
1,Eschborn,Federal Republic of Germany,1982-11-15,8.561455,50.146747
2,Essen,Federal Republic of Germany,1982-06-08,7.011555,51.455643
12,Florence,Italy,2004-03-01,11.255814,43.76956
2,Fort Lauderdale,United States,1977-05-25,-80.137317,26.122439
1,Fortaleza,Brazil,1969-06-11,-38.52667,-3.731862
55,Frankfurt,Federal Republic of Germany,1996-07-24,8.682127,50.110922
1,Fukuoko,Japan,1970-01-29,130.401716,33.590355
1,Galveston,United States,1968-06-01,-94.797696,29.301348
1,Gelnhausen,Federal Republic of Germany,1982-06-01,9.186373,50.204566
32,Geneva,Switzerland,1998-07-01,6.143158,46.204391
11,Genoa,Italy,2005-03-01,8.946256,44.40565
5,Giessen,Federal Republic of Germany,1985-01-07,8.678403,50.584051
1,Glen Cove,United States,1971-06-12,-73.633739,40.862322
2,Glendale,United States,2001-01-02,-118.255075,34.142508
1,Gode,Ethiopia,1977-03-27,43.5655,5.948498
5,Gothenburg,Sweden,1992-02-12,11.97456,57.70887
3,Graz,Austria,1998-01-04,15.439504,47.070714
1,Groningen,Netherlands,1977-05-23,6.566502,53.219384
8,Guadalajara,Mexico,1986-05-20,-103.349609,20.659699
68,Guatemala City,Guatemala,2006-04-07,-90.506882,14.634915
17,Guayaquil,Ecuador,2006-02-13,-79.922359,-2.170998
1,Hague,Netherlands,1969-09-08,4.3007,52.070498
1,Haidari,Greece,1980-05-21,23.664275,38.005298
20,Haifa,Israel,2003-10-24,34.989571,32.794046
24,Hamburg,Federal Republic of Germany,1996-07-26,9.993682,53.551085
2,Hanau,Federal Republic of Germany,1986-08-10,8.92831,50.126412
11,Hanover,Federal Republic of Germany,1992-10-12,9.73201,52.375892
1,Hasparen,France,1975-06-12,-1.30525,43.383952
14,Havana,Cuba,1997-10-01,-82.366596,23.113593
90,Hebron,West Bank/Gaza,2005-10-06,,
9,Heidelberg,Federal Republic of Germany,1986-11-16,8.672434,49.398752
4,Hendaye,France,2000-11-09,-1.766148,43.359399
1,Heraklion,Greece,1971-07-03,25.144213,35.338735
2,Hialeah,United States,1979-09-08,-80.278106,25.857596
5,Hoboken,United States,1971-08-22,-74.032363,40.743991
1,Hochum,Federal Republic of Germany,1982-06-08,,
1,Hollywood,United States,1980-10-12,-80.14949,26.011201
1,Hong Kong,Hong Kong,1982-09-20,114.174695,22.278315
1,Huehuetenango,Guatemala,1982-02-13,-91.491824,15.319877
5,Idil,Turkey,2006-07-10,41.8934,37.3402
1,Iraklion,Greece,1973-05-26,25.144213,35.338735
18,Irun,Spain,2004-09-25,-1.788849,43.338147
3,Isfahan,Iran,1978-10-25,51.667983,32.654627
2,Iskenderun,Turkey,2001-01-04,36.175616,36.584673
50,Islamabad,Pakistan,2009-10-20,73.093146,33.729388
1,Ismaram,Ethiopia,1975-10-23,,
380,Istanbul,Turkey,2009-07-27,28.978359,41.008238
1,Ituzaingo,Argentina,1970-03-24,-58.675398,-34.657024
31,Izmir,Turkey,2008-08-21,27.142826,38.423734
292,Jerusalem,Israel,2009-07-22,35.21371,31.768319
10,Johannesburg,South Africa,2002-11-24,28.047305,-26.204103
165,Kabul,Afghanistan,2009-03-18,69.207486,34.555349
1,Kaiserslautern,Federal Republic of Germany,1973-01-11,7.749126,49.440066
18,Kampala,Uganda,2001-03-16,32.58252,0.347596
161,Karachi,Pakistan,2009-09-15,67.009939,24.861462
99,Karbala,Iraq,2008-07-25,44.010392,32.606846
1,Kariba,Zimbabwe (Rhodesia),1976-12-20,28.850941,-16.522046
2,Karlsbad,Federal Republic of Germany,1982-10-21,12.871962,50.231852
1,Katmandu,Nepal,1977-11-09,85.323961,27.717245
1,Kerman,Iran,1979-01-14,57.083363,30.283938
1,Key Biscayne,United States,1972-03-27,-80.162825,25.693713
1,Key West,United States,1968-05-24,-81.779987,24.555059
1,Kfar Yuval,Israel,1975-06-15,35.597063,33.246577
11,Khartoum,Sudan,2008-01-01,32.559899,15.500654
3,Kholargos,Greece,2003-08-28,23.798605,38.002648
1,Khorramshahr,Iran,1978-10-10,48.189118,30.425622
4,Kingston,Jamaica,1980-07-04,-76.809904,18.017874
3,Kinshasa,Zaire (Belgian Congo),1996-11-02,15.266293,-4.441931
852,Kirkuk,Iraq,2008-12-11,44.380392,35.465576
6,Kiryat Shmona,Israel,2005-12-27,35.570246,33.207933
1,Klagenfurt,Austria,1968-03-15,14.312225,46.63646
1,Konstanz,Federal Republic of Germany,1978-11-11,9.173238,47.67795
5,Krakow,Poland,1993-07-02,19.94498,50.06465
8,Kuala Lumpur,Malaysia,1991-03-27,101.686855,3.139003
23,Kuwait City,Kuwait,2004-01-20,47.977405,29.375859
3,La Ceiba,Honduras,1989-07-13,-86.791901,15.770288
43,La Paz,Bolivia,2008-08-28,-68.119294,-16.489689
1,La Plata,Argentina,1973-07-07,-57.953566,-34.920495
1,La Spezia,Italy,1973-04-12,9.824083,44.10245
46,Lahore,Pakistan,2008-11-22,74.357158,31.554606
1,Las Palmas,Canary Islands,1977-01-03,-15.436257,28.123546
1,Lausanne,Switzerland,1981-07-21,6.632273,46.519654
1,Lavrion,Greece,1974-02-23,24.0464,37.720531
1,Leon,Nicaragua,1979-06-05,-86.872215,12.431553
1,Libreville,Gabon,1979-06-21,9.467268,0.416198
1,Liege,Belgium,1974-05-22,5.579666,50.632557
1,Lille,France,1977-04-27,3.057256,50.62925
235,Lima,Peru,2007-05-20,-77.042793,-12.046374
10,Limassol,Cyprus,2004-05-04,33.022617,34.70713
2,Limon,Costa Rica,1982-08-04,-83.041508,9.991311
35,Lisbon,Portugal,1988-12-14,-9.139337,38.722252
141,London,United Kingdom,2007-06-29,-0.127758,51.507351
55,Londonderry,Northern Ireland,2009-09-11,-7.308575,54.996612
1,Long Island,United States,1972-05-24,-73.134961,40.789142
39,Los Angeles,United States,2008-02-05,-118.243685,34.052234
2,Lourdes,France,1983-08-12,-0.045726,43.091463
12,Luanda,Angola,2001-09-25,13.289437,-8.839988
4,Lusaka,Zambia,1999-02-28,28.322817,-15.387526
2,Luxembourg City,Luxembourg,1983-02-28,6.131935,49.611621
16,Lyon,France,1998-11-15,4.835659,45.764043
1,Maalot,Israel,1979-01-14,35.276017,33.015026
135,Madrid,Spain,2009-02-09,-3.70379,40.416775
8,Maicao,Colombia,2008-05-30,-72.248517,11.378934
1,Mainz,Federal Republic of Germany,1975-10-08,8.247253,49.992862
1,Makale,Ethiopia,1977-04-26,39.51666,13.46666
3,Malatya,Turkey,2006-03-31,38.333525,38.355363
8,Managua,Nicaragua,1995-06-05,-86.236174,12.114993
15,Manama,Bahrain,2006-04-29,50.58605,26.228516
3,Manchester,United Kingdom,2004-01-05,-2.242631,53.480759
91,Manila,Philippines,2008-05-21,120.98422,14.599512
4,Mannheim,Federal Republic of Germany,1995-08-16,8.466039,49.487459
1,Manzini,Swaziland,1982-06-17,31.354163,-26.644588
3,Maputo,Mozambique,1993-07-04,32.605135,-25.891968
3,Mar del Plata,Argentina,2005-11-04,-57.542611,-38.005477
5,Maracaibo,Venezuela,2004-09-19,-71.714795,10.654451
2,Marbella,Spain,1984-09-14,-4.882447,36.510071
27,Marseille,France,2007-04-20,5.36978,43.296482
1,Masada,Israel,1968-02-24,35.423166,32.844172
2,Maseru,Lesotho,1983-06-30,27.51436,-29.363219
1,Mashad,Iran,1975-06-14,59.616755,36.260462
1,Mavumba,Mozambique,1982-09-21,,
5,Mazar-e-Sharif,Afghanistan,2005-12-14,67.117951,36.692617
5,Mecca,Saudi Arabia,2005-10-29,39.857912,21.389082
91,Medellin,Colombia,2005-11-07,-75.564574,6.253041
8,Melbourne,Australia,2001-07-16,144.964246,-37.816279
2,Mendoza,Argentina,1991-04-08,-68.845839,-32.889459
2,Merida,Mexico,1976-07-23,-89.592586,20.96737
2,Meshed,Iran,1994-06-20,59.616755,36.260462
29,Mexico City,Mexico,2007-04-03,-99.133208,19.432608
59,Miami,United States,2002-06-03,-80.19179,25.76168
64,Milan,Italy,2009-12-16,9.185924,45.465422
9,Mindanao,Philippines,2008-06-08,123.303406,8.49613
1,Minneapolis,United States,1979-11-09,-93.261479,44.922612
1,Mkuze,South Africa,1982-11-26,32.034023,-27.617835
1,Moenchengladbach,Federal Republic of Germany,1978-08-20,6.442804,51.180457
201,Mogadishu,Somalia,2009-10-28,45.318162,2.046934
1,Monchen-Gladbach,Federal Republic of Germany,1973-09-17,,
2,Monterey,Mexico,1996-04-11,-100.316113,25.686614
18,Montevideo,Uruguay,2006-04-16,-56.164531,-34.901113
7,Montreal,Canada,2004-04-05,-73.567256,45.501689
2,Moscow,USSR,1983-08-19,37.534444,55.751389
4,Moyale,Ethiopia,2003-05-20,39.052841,3.539985
3,Muenster,Federal Republic of Germany,1989-09-01,7.626135,51.960665
31,Munich,Federal Republic of Germany,1995-10-18,11.581981,48.135125
51,Nablus,West Bank/Gaza,2007-02-18,,
3,Nahariya,Israel,1995-06-23,35.098051,33.008536
2,Nahariyya,Israel,2001-09-09,35.098051,33.008536
5,Nairobi,Kenya,2007-07-11,36.821946,-1.292066
1,Nakasuji,Japan,1978-09-16,135.374427,34.819899
5,Nantes,France,2004-01-29,-1.553621,47.218371
4,Naples,Italy,2001-07-21,14.268124,40.851775
1,Neot Hakikar,Israel,1968-02-21,35.378126,30.933368
15,Netanya,Israel,2005-12-05,34.853196,32.321458
1,Neustadt,Federal Republic of Germany,1982-09-18,,
38,New Delhi,India,2008-09-27,77.209021,28.613939
1,New Orleans,United States,1968-11-04,-90.071532,29.951066
167,New York City,United States,2005-05-05,-74.005941,40.712784
13,Nice,France,2003-07-20,7.261953,43.710173
26,Nicosia,Cyprus,2003-01-13,33.382276,35.185566
3,Nimes,France,1999-05-10,4.360054,43.836699
2,Nouakchott,Mauritania,2004-10-02,-15.958237,18.07353
1,Nuevo Concepcion,Guatemala,1982-01-07,-91.730767,15.559732
3,Nuremburg,Federal Republic of Germany,1996-07-28,,
1,Oakland,United States,1969-06-17,-122.271114,37.804364
3,Oaxaca,Mexico,2006-05-19,-96.721622,17.059417
1,Offenbach,Federal Republic of Germany,1982-04-12,8.776084,50.095636
1,Ogden,United States,1981-07-17,-111.97383,41.223
2,Okinawa,Japan,1988-12-24,127.680932,26.212401
1,Olivos,Argentina,1978-09-01,-58.496391,-34.510551
1,Oporto,Portugal,1976-01-16,-8.629105,41.157944
7,Orito,Colombia,2006-01-09,-76.880163,0.67688
2,Ortakoy,Turkey,1999-04-03,34.0408,38.7366
3,Oruro,Bolivia,2004-01-05,-67.106035,-17.964677
4,Osaka,Japan,2001-02-05,135.502165,34.693738
10,Oslo,Norway,2006-09-17,10.752245,59.913869
3,Osnabrueck,Federal Republic of Germany,1996-06-28,8.047179,52.279911
13,Ottawa,Canada,1992-05-26,-75.697193,45.42153
2,Palermo,Italy,1971-07-21,13.361267,38.115688
14,Panama City,Panama,1992-09-18,-79.402864,9.101179
314,Paris,France,2006-06-17,2.352222,48.856614
2,Penang,Malaysia,2006-01-15,100.329761,5.414921
1,Penhalonga,Zimbabwe (Rhodesia),1978-08-02,32.670833,-18.883389
88,Peshawar,Pakistan,2009-10-09,71.58049,34.014975
2,Petach Tikva,Israel,2006-02-05,34.887762,32.084041
3,Petah Tikva,Israel,2003-12-13,34.887762,32.084041
2,Philadelphia,United States,1989-03-13,-75.165222,39.952584
25,Phnom Penh,Cambodia,2007-07-29,104.892167,11.544873
7,Piraeus,Greece,2002-10-12,23.646983,37.942986
1,Pittsburgh,United States,1977-06-25,-79.995886,40.440625
2,Point-a-Pitre,Guadeloupe,1985-01-10,-61.491708,16.288867
1,Port Elizabeth,United States,1976-09-16,-83.204517,43.936887
2,Port of Spain,Trinidad-Tobago,2007-03-07,-61.501926,10.654901
13,Port-au-Prince,Haiti,2005-07-18,-72.307433,18.594395
2,Porto Alegre,Brazil,1972-01-11,-51.217658,-30.034647
1,Qiryat Arba,Israel,1978-12-12,35.115625,31.529326
1,Qiryat Gat,Israel,1979-11-07,34.768459,31.611148
8,Qiryat Shemona,Israel,2008-06-22,35.570246,33.207933
1,Quebec,Canada,1968-05-24,-73.549136,52.939916
1,Queens,United States,1972-12-01,-73.794852,40.728224
3,Quezon City,Philippines,2006-06-11,121.0437,14.676041
36,Quito,Ecuador,2005-11-16,-78.467838,-0.180653
3,Rabat,Morocco,1995-02-28,-6.849813,33.97159
1,Ramstein,Federal Republic of Germany,1982-05-11,,
1,Ravenstein,Netherlands,1972-02-05,5.651501,51.796778
26,Rawalpindi,Pakistan,2009-07-02,73.044135,33.598394
3,Recife,Brazil,1978-05-24,-34.882897,-8.057838
13,Rio de Janeiro,Brazil,2003-05-09,-43.172896,-22.906847
7,Riohacha,Colombia,2006-01-07,-72.916784,11.538415
1,Rockville,United States,1977-07-25,-77.152758,39.083997
1,Romans sur Isere,France,1982-05-03,5.052735,45.044236
173,Rome,Italy,2006-11-06,12.496366,41.902784
25,Rosario,Argentina,2003-04-22,-60.650539,-32.944243
7,Rotterdam,Netherlands,1995-02-20,4.477733,51.92442
1,Roubaix,France,1975-07-26,3.177847,50.692705
1,Rubelsalto,Guatemala,1981-04-29,-90.230759,15.783471
1,Saigon,South Vietnam,1975-01-06,106.629664,10.823099
1,Saint Denis,France,1976-09-29,2.357443,48.936181
4,Saint Sebastian,Spain,1985-08-15,-1.981231,43.318334
7,Saint-Jean-de-Luz,France,1996-08-17,-1.663055,43.388051
2,Salisbury,Zimbabwe (Rhodesia),1977-08-06,31.03351,-17.825166
6,Salonika,Greece,1998-01-26,22.944419,40.640063
1,Salta,Argentina,1974-09-11,-65.423198,-24.782127
1,Salvador,Brazil,1977-07-03,-38.502304,-12.97304
2,Salzburg,Austria,1995-12-20,13.05501,47.80949
3,San Diego,United States,2003-09-19,-117.161084,32.715738
9,San Francisco,United States,1991-06-28,-122.419416,37.77493
30,San Jose,Costa Rica,1993-03-08,-84.090725,9.928069
13,San Juan,Puerto Rico,1998-06-09,-66.105735,18.465539
1,San Justo,Argentina,1975-03-09,-58.563263,-34.687408
1,San Marcos,El Salvador,1978-11-25,-89.172981,13.660952
3,San Martin,Colombia,2001-12-17,-73.697308,3.698492
3,San Miguel de Tucuman,Argentina,1972-11-09,-65.21759,-26.808285
11,San Pedro Sula,Honduras,1998-02-11,-87.992268,15.51492
87,San Salvador,El Salvador,2001-08-11,-89.218191,13.69294
144,San Sebastian,Spain,2008-05-01,-1.981231,43.318334
1,Santa Ana,El Salvador,1979-05-15,-89.563912,13.977828
1,Santa Barbara,United States,1973-01-28,-119.69819,34.420831
12,Santa Cruz,Bolivia,2008-12-18,-63.156085,-17.814582
3,Santa Fe,Argentina,1987-07-01,-60.697294,-31.610658
2,Santa Monica,United States,1975-05-07,-118.491191,34.019454
157,Santiago,Chile,2009-08-03,-70.669265,-33.44889
1,Santiago Texacuangos,El Salvador,1982-07-31,-89.119057,13.640896
2,Santiago de Los Caballeros,Dominican Republic,1968-10-08,-70.693057,19.479196
13,Santo Domingo,Dominican Republic,1989-12-21,-69.931212,18.486058
4,Santurce,Spain,2001-06-01,-3.033659,43.328128
17,Sao Paulo,Brazil,2005-09-08,-46.633309,-23.55052
1,Sapporo,Japan,1974-08-09,141.354376,43.062096
1,Sare,France,1976-05-28,-1.580979,43.312739
1,Sassari,Italy,1977-10-22,8.555683,40.725927
1,Schwaebisch-Gmund,Federal Republic of Germany,1982-08-03,,
5,Seattle,United States,2008-03-03,-122.332071,47.60621
1,Semnan,Iran,1978-11-14,53.379811,35.578797
1,Serrano,Spain,1976-09-27,-3.68663,40.425436
8,Seville,Spain,2000-12-31,-5.984459,37.389092
23,Sidon,Lebanon,2006-04-14,35.372948,33.557069
1,Silwad,Israel,1980-12-04,35.261865,31.97939
5,Singapore,Singapore,1988-04-20,103.867744,1.355379
1,Sligo,Ireland,1979-08-27,-8.476089,54.27661
1,St. Etienne de Baigorry,France,1982-03-19,-1.347473,43.175208
1,St. John,Canada,1968-09-11,-66.063308,45.273315
22,Stockholm,Sweden,2005-12-15,18.068581,59.329323
9,Strasbourg,France,2002-10-22,7.752111,48.573405
9,Stuttgart,Federal Republic of Germany,1996-07-24,9.182932,48.775846
3,Sucre,Bolivia,2007-12-13,-65.261961,-19.019585
1,Sumerville,United States,1982-05-04,-71.099497,42.387597
14,Sydney,Australia,1994-06-16,151.209296,-33.86882
2,Tabriz,Iran,1992-03-26,46.273801,38.096239
1,Talpiot,Israel,1977-11-13,35.221389,31.752648
1,Tampa,United States,1968-05-30,-82.457178,27.950575
1,Taqah,Trucial Oman States,1976-07-01,,
1,Tarma,Peru,1981-07-30,-75.688949,-11.419335
2,Tarsus,Turkey,1979-06-03,34.89521,36.916561
35,Tegucigalpa,Honduras,2009-08-27,-87.192136,14.072275
82,Tehran,Iran,2008-12-13,51.388974,35.689198
98,Tel Aviv,Israel,2006-04-17,34.781768,32.0853
1,Teoponte,Bolivia,1970-07-21,-67.816739,-15.496577
1,Terrenia,Italy,1973-01-17,10.290863,43.629436
21,The Hague,Netherlands,1999-02-16,4.3007,52.070498
9,Thessalonika,Greece,2007-01-16,22.944419,40.640063
71,Thessaloniki,Greece,2009-12-12,22.944419,40.640063
3,Tiberias,Israel,2008-11-01,35.530973,32.795859
18,Tirana,Albania,2007-05-31,19.818698,41.327546
37,Tokyo,Japan,2005-01-09,139.731992,35.709026
1,Toronto,Canada,1982-10-14,-79.383184,43.653226
1,Torrance,United States,1980-07-30,-118.340629,33.835849
7,Toulouse,France,2007-03-07,1.444209,43.604652
2,Trieste,Italy,2000-09-15,13.776818,45.649526
13,Tripoli,Libya,1989-09-28,13.191338,32.887209
1,Tucuman,Argentina,1970-10-05,-65.21759,-26.808285
1,Tuebingen,Federal Republic of Germany,1982-05-02,9.057645,48.521636
14,Turin,Italy,2007-03-05,7.686856,45.070312
4,Tyre,Lebanon,1983-11-04,35.203764,33.270489
5,Union City,United States,1982-05-17,-122.04383,37.593392
2,Utrecht,Netherlands,1995-04-15,5.12142,52.090737
12,Valencia,Spain,2007-05-24,-0.376288,39.469908
3,Valleta,Malta,1984-11-18,14.514553,35.898909
3,Vancouver,Canada,1988-08-26,-123.120738,49.282729
2,Venice,Italy,2001-08-09,12.315515,45.440847
2,Verona,Italy,1999-05-19,10.991622,45.438384
43,Vienna,Austria,2005-11-16,16.373819,48.208174
11,Vientiane,Laos,2004-11-25,102.633104,17.975706
9,Vina Del Mar,Chile,1991-01-22,-71.550028,-33.015348
5,Warsaw,Poland,1998-07-15,21.012229,52.229676
1,Weehawken,United States,1979-03-26,-74.025371,40.766371
3,Weisbaden,Federal Republic of Germany,1985-08-08,,
2,Wellington,New Zealand,2002-01-06,174.776236,-41.28646
13,West Beirut,Lebanon,1988-12-12,35.501777,33.893791
24,West Berlin,Federal Republic of Germany,1988-03-28,-74.941277,39.808726
4,Wiesbaden,Federal Republic of Germany,1991-08-15,8.239761,50.078218
1,Yesilyurt,Turkey,1977-10-09,38.247475,38.295459
33,Zamboanga,Philippines,2008-06-20,122.079027,6.921442
1,Zarit,Israel,1980-12-14,35.288522,33.098985
1,Zouerate,Mauritania,1977-05-01,-12.47532,22.732532
25,Zurich,Switzerland,2006-07-04,8.541694,47.376887
1,el Hamma,Israel,1969-08-07,35.500833,32.373333
